id,organization_id,user_id,created,modified
67850cba-d479-4f5d-9b33-95cd09918574,69393ba2-3fbd-4ca8-a2d8-2e75ff14093d,eaf94bee-8fb0-4538-8378-38d8d1553295,2025-11-13T04:34:49.810765+00:00,2025-11-16T16:00:58.814209+00:00
1bea9230-9967-4c53-92cc-2239246a5161,69393ba2-3fbd-4ca8-a2d8-2e75ff14093d,885ca3e3-58e5-4596-b212-012ec1e24f2c,2025-11-13T12:12:41.891893+00:00,2025-11-20T09:34:38.761069+00:00
e41c2320-1670-455e-a161-5fd7f462955b,69393ba2-3fbd-4ca8-a2d8-2e75ff14093d,45c7fb1c-749d-4a11-a8c3-a4718005b815,2025-11-14T09:37:10.482520+00:00,2025-11-18T11:47:23.670023+00:00
d2950c3b-c92d-4f8e-b95b-063aaacb3b34,69393ba2-3fbd-4ca8-a2d8-2e75ff14093d,758b1975-f239-411b-a05f-3e9be40211d3,2025-11-14T09:39:37.225890+00:00,2025-11-19T12:16:37.751740+00:00
31721aff-b516-4986-a41f-f106ce69f62e,69393ba2-3fbd-4ca8-a2d8-2e75ff14093d,2e3ec3d4-fb72-4af9-a993-92f19db4f456,2025-11-14T09:41:14.298712+00:00,2025-12-06T07:48:16.860961+00:00
1fb3a152-563a-458b-a755-93b4a7b76069,69393ba2-3fbd-4ca8-a2d8-2e75ff14093d,e163dd8b-1f3d-4828-83f4-faca20e536ba,2025-11-14T09:43:24.048394+00:00,2025-11-18T10:30:03.005623+00:00
a17a4138-1ad5-4997-ab56-bb4bef079c3f,69393ba2-3fbd-4ca8-a2d8-2e75ff14093d,d05118f1-1046-4ee1-aa6b-dc9ed563593f,2025-11-19T10:14:09.302605+00:00,2025-11-19T12:27:02.596051+00:00
7b29b44a-1322-4535-8f0f-8817977e1287,69393ba2-3fbd-4ca8-a2d8-2e75ff14093d,51b8e9a8-863d-4e91-bef4-7565b98f73ce,2025-11-21T17:26:04.015677+00:00,2025-11-22T09:18:26.924773+00:00
10399b2d-45a3-4f30-9e44-9fcf160e8811,69393ba2-3fbd-4ca8-a2d8-2e75ff14093d,46009166-c3e8-4d4c-a073-745097052949,2025-11-20T08:56:39.649149+00:00,2025-11-20T09:34:09.934380+00:00
19315de0-8185-4e5d-9fc7-66301a7a2e30,69393ba2-3fbd-4ca8-a2d8-2e75ff14093d,12acd655-bc59-4df6-8243-8f2730a66182,2025-11-16T11:30:39.183284+00:00,2025-11-16T11:30:39.408431+00:00
c82d0a9b-da21-4674-86cf-672a11f67a92,69393ba2-3fbd-4ca8-a2d8-2e75ff14093d,d7823b04-1087-477b-8de1-d87fbfcf8376,2025-11-19T11:13:16.769966+00:00,2025-11-20T09:04:16.381948+00:00
6f2d0771-90ed-4af5-87d8-e7963beb1418,69393ba2-3fbd-4ca8-a2d8-2e75ff14093d,a025958e-424b-45c4-81a4-8bbba67b12ee,2025-11-14T09:44:33.860964+00:00,2025-11-19T15:19:12.452898+00:00
ec66e3a7-89bb-4e1a-acc4-b6493df874f4,69393ba2-3fbd-4ca8-a2d8-2e75ff14093d,d76da757-2de5-456e-aa6b-bf8f1bb80cff,2025-11-14T09:34:27.858730+00:00,2025-11-19T10:09:21.136025+00:00
9f47e1fd-03c9-4753-97ec-17b8c190f9e1,69393ba2-3fbd-4ca8-a2d8-2e75ff14093d,291c8297-eeac-4d61-814a-87784e4b06a4,2025-11-21T17:33:07.776345+00:00,2025-11-21T17:33:07.980749+00:00
f8ae5f08-7b9d-4d50-8d0c-b7538e1ee9cd,69393ba2-3fbd-4ca8-a2d8-2e75ff14093d,7215f12a-d3ba-4a02-9509-2800faadae28,2025-11-14T09:29:06.929945+00:00,2025-11-19T10:09:06.671096+00:00
aa04c82b-c42f-4f6e-a1fa-3f923e788487,69393ba2-3fbd-4ca8-a2d8-2e75ff14093d,e22a4eb9-f825-4070-b2ed-d18ae1097083,2025-11-16T18:33:50.481455+00:00,2025-11-16T18:33:50.707980+00:00
bacde000-45a5-4838-898d-b50d41e99717,69393ba2-3fbd-4ca8-a2d8-2e75ff14093d,866e7b00-9ab7-47a1-a32a-5c0a3da1fe0f,2025-11-13T12:15:47.282645+00:00,2025-11-16T07:18:26.241228+00:00
7b306873-c144-454d-8ddd-331c71425d60,69393ba2-3fbd-4ca8-a2d8-2e75ff14093d,e4e89608-990a-4f81-b044-305309c07aab,2025-11-21T16:55:45.929149+00:00,2025-11-24T12:04:28.230165+00:00
